cm1	Tabs
cm2	Tabs
cm3	Tabs
cm4	Tabs
cm5	Tabs
cm6	Tabs
cm7	Tabs
cm8	Tabs
cm9	Tabs
cm10	Tabs
cm11	Tabs
cm12	Backslash escapes
cm13	Backslash escapes
cm14	Backslash escapes
cm15	Backslash escapes
cm16	Backslash escapes
cm17	Backslash escapes
cm18	Backslash escapes
cm19	Backslash escapes
cm20	Backslash escapes
cm21	Backslash escapes
cm22	Backslash escapes
cm23	Backslash escapes
cm24	Backslash escapes
cm25	Entity and numeric character references
cm26	Entity and numeric character references
cm27	Entity and numeric character references
cm28	Entity and numeric character references
cm29	Entity and numeric character references
cm30	Entity and numeric character references
cm31	Entity and numeric character references
cm32	Entity and numeric character references
cm33	Entity and numeric character references
cm34	Entity and numeric character references
cm35	Entity and numeric character references
cm36	Entity and numeric character references
cm37	Entity and numeric character references
cm38	Entity and numeric character references
cm39	Entity and numeric character references
cm40	Entity and numeric character references
cm41	Entity and numeric character references
cm42	Precedence
cm43	Thematic breaks
cm44	Thematic breaks
cm45	Thematic breaks
cm46	Thematic breaks
cm47	Thematic breaks
cm48	Thematic breaks
cm49	Thematic breaks
cm50	Thematic breaks
cm51	Thematic breaks
cm52	Thematic breaks
cm53	Thematic breaks
cm54	Thematic breaks
cm55	Thematic breaks
cm56	Thematic breaks
cm57	Thematic breaks
cm58	Thematic breaks
cm59	Thematic breaks
cm60	Thematic breaks
cm61	Thematic breaks
cm62	ATX headings
cm63	ATX headings
cm64	ATX headings
cm65	ATX headings
cm66	ATX headings
cm67	ATX headings
cm68	ATX headings
cm69	ATX headings
cm70	ATX headings
cm71	ATX headings
cm72	ATX headings
cm73	ATX headings
cm74	ATX headings
cm75	ATX headings
cm76	ATX headings
cm77	ATX headings
cm78	ATX headings
cm79	ATX headings
cm80	Setext headings
cm81	Setext headings
cm82	Setext headings
cm83	Setext headings
cm84	Setext headings
cm85	Setext headings
cm86	Setext headings
cm87	Setext headings
cm88	Setext headings
cm89	Setext headings
cm90	Setext headings
cm91	Setext headings
cm92	Setext headings
cm93	Setext headings
cm94	Setext headings
cm95	Setext headings
cm96	Setext headings
cm97	Setext headings
cm98	Setext headings
cm99	Setext headings
cm100	Setext headings
cm101	Setext headings
cm102	Setext headings
cm103	Setext headings
cm104	Setext headings
cm105	Setext headings
cm106	Setext headings
cm107	Indented code blocks
cm108	Indented code blocks
cm109	Indented code blocks
cm110	Indented code blocks
cm111	Indented code blocks
cm112	Indented code blocks
cm113	Indented code blocks
cm114	Indented code blocks
cm115	Indented code blocks
cm116	Indented code blocks
cm117	Indented code blocks
cm118	Indented code blocks
cm119	Fenced code blocks
cm120	Fenced code blocks
cm121	Fenced code blocks
cm122	Fenced code blocks
cm123	Fenced code blocks
cm124	Fenced code blocks
cm125	Fenced code blocks
cm126	Fenced code blocks
cm127	Fenced code blocks
cm128	Fenced code blocks
cm129	Fenced code blocks
cm130	Fenced code blocks
cm131	Fenced code blocks
cm132	Fenced code blocks
cm133	Fenced code blocks
cm134	Fenced code blocks
cm135	Fenced code blocks
cm136	Fenced code blocks
cm137	Fenced code blocks
cm138	Fenced code blocks
cm139	Fenced code blocks
cm140	Fenced code blocks
cm141	Fenced code blocks
cm142	Fenced code blocks
cm143	Fenced code blocks
cm144	Fenced code blocks
cm145	Fenced code blocks
cm146	Fenced code blocks
cm147	Fenced code blocks
cm148	HTML blocks
cm149	HTML blocks
cm150	HTML blocks
cm151	HTML blocks
cm152	HTML blocks
cm153	HTML blocks
cm154	HTML blocks
cm155	HTML blocks
cm156	HTML blocks
cm157	HTML blocks
cm158	HTML blocks
cm159	HTML blocks
cm160	HTML blocks
cm161	HTML blocks
cm162	HTML blocks
cm163	HTML blocks
cm164	HTML blocks
cm165	HTML blocks
cm166	HTML blocks
cm167	HTML blocks
cm168	HTML blocks
cm169	HTML blocks
cm170	HTML blocks
cm171	HTML blocks
cm172	HTML blocks
cm173	HTML blocks
cm174	HTML blocks
cm175	HTML blocks
cm176	HTML blocks
cm177	HTML blocks
cm178	HTML blocks
cm179	HTML blocks
cm180	HTML blocks
cm181	HTML blocks
cm182	HTML blocks
cm183	HTML blocks
cm184	HTML blocks
cm185	HTML blocks
cm186	HTML blocks
cm187	HTML blocks
cm188	HTML blocks
cm189	HTML blocks
cm190	HTML blocks
cm191	HTML blocks
cm192	Link reference definitions
cm193	Link reference definitions
cm194	Link reference definitions
cm195	Link reference definitions
cm196	Link reference definitions
cm197	Link reference definitions
cm198	Link reference definitions
cm199	Link reference definitions
cm200	Link reference definitions
cm201	Link reference definitions
cm202	Link reference definitions
cm203	Link reference definitions
cm204	Link reference definitions
cm205	Link reference definitions
cm206	Link reference definitions
cm207	Link reference definitions
cm208	Link reference definitions
cm209	Link reference definitions
cm210	Link reference definitions
cm211	Link reference definitions
cm212	Link reference definitions
cm213	Link reference definitions
cm214	Link reference definitions
cm215	Link reference definitions
cm216	Link reference definitions
cm217	Link reference definitions
cm218	Link reference definitions
cm219	Paragraphs
cm220	Paragraphs
cm221	Paragraphs
cm222	Paragraphs
cm223	Paragraphs
cm224	Paragraphs
cm225	Paragraphs
cm226	Paragraphs
cm227	Blank lines
cm228	Block quotes
cm229	Block quotes
cm230	Block quotes
cm231	Block quotes
cm232	Block quotes
cm233	Block quotes
cm234	Block quotes
cm235	Block quotes
cm236	Block quotes
cm237	Block quotes
cm238	Block quotes
cm239	Block quotes
cm240	Block quotes
cm241	Block quotes
cm242	Block quotes
cm243	Block quotes
cm244	Block quotes
cm245	Block quotes
cm246	Block quotes
cm247	Block quotes
cm248	Block quotes
cm249	Block quotes
cm250	Block quotes
cm251	Block quotes
cm252	Block quotes
cm253	List items
cm254	List items
cm255	List items
cm256	List items
cm257	List items
cm258	List items
cm259	List items
cm260	List items
cm261	List items
cm262	List items
cm263	List items
cm264	List items
cm265	List items
cm266	List items
cm267	List items
cm268	List items
cm269	List items
cm270	List items
cm271	List items
cm272	List items
cm273	List items
cm274	List items
cm275	List items
cm276	List items
cm277	List items
cm278	List items
cm279	List items
cm280	List items
cm281	List items
cm282	List items
cm283	List items
cm284	List items
cm285	List items
cm286	List items
cm287	List items
cm288	List items
cm289	List items
cm290	List items
cm291	List items
cm292	List items
cm293	List items
cm294	List items
cm295	List items
cm296	List items
cm297	List items
cm298	List items
cm299	List items
cm300	List items
cm301	Lists
cm302	Lists
cm303	Lists
cm304	Lists
cm305	Lists
cm306	Lists
cm307	Lists
cm308	Lists
cm309	Lists
cm310	Lists
cm311	Lists
cm312	Lists
cm313	Lists
cm314	Lists
cm315	Lists
cm316	Lists
cm317	Lists
cm318	Lists
cm319	Lists
cm320	Lists
cm321	Lists
cm322	Lists
cm323	Lists
cm324	Lists
cm325	Lists
cm326	Lists
cm327	Inlines
cm328	Code spans
cm329	Code spans
cm330	Code spans
cm331	Code spans
cm332	Code spans
cm333	Code spans
cm334	Code spans
cm335	Code spans
cm336	Code spans
cm337	Code spans
cm338	Code spans
cm339	Code spans
cm340	Code spans
cm341	Code spans
cm342	Code spans
cm343	Code spans
cm344	Code spans
cm345	Code spans
cm346	Code spans
cm347	Code spans
cm348	Code spans
cm349	Code spans
cm350	Emphasis and strong emphasis
cm351	Emphasis and strong emphasis
cm352	Emphasis and strong emphasis
cm353	Emphasis and strong emphasis
cm354	Emphasis and strong emphasis
cm355	Emphasis and strong emphasis
cm356	Emphasis and strong emphasis
cm357	Emphasis and strong emphasis
cm358	Emphasis and strong emphasis
cm359	Emphasis and strong emphasis
cm360	Emphasis and strong emphasis
cm361	Emphasis and strong emphasis
cm362	Emphasis and strong emphasis
cm363	Emphasis and strong emphasis
cm364	Emphasis and strong emphasis
cm365	Emphasis and strong emphasis
cm366	Emphasis and strong emphasis
cm367	Emphasis and strong emphasis
cm368	Emphasis and strong emphasis
cm369	Emphasis and strong emphasis
cm370	Emphasis and strong emphasis
cm371	Emphasis and strong emphasis
cm372	Emphasis and strong emphasis
cm373	Emphasis and strong emphasis
cm374	Emphasis and strong emphasis
cm375	Emphasis and strong emphasis
cm376	Emphasis and strong emphasis
cm377	Emphasis and strong emphasis
cm378	Emphasis and strong emphasis
cm379	Emphasis and strong emphasis
cm380	Emphasis and strong emphasis
cm381	Emphasis and strong emphasis
cm382	Emphasis and strong emphasis
cm383	Emphasis and strong emphasis
cm384	Emphasis and strong emphasis
cm385	Emphasis and strong emphasis
cm386	Emphasis and strong emphasis
cm387	Emphasis and strong emphasis
cm388	Emphasis and strong emphasis
cm389	Emphasis and strong emphasis
cm390	Emphasis and strong emphasis
cm391	Emphasis and strong emphasis
cm392	Emphasis and strong emphasis
cm393	Emphasis and strong emphasis
cm394	Emphasis and strong emphasis
cm395	Emphasis and strong emphasis
cm396	Emphasis and strong emphasis
cm397	Emphasis and strong emphasis
cm398	Emphasis and strong emphasis
cm399	Emphasis and strong emphasis
cm400	Emphasis and strong emphasis
cm401	Emphasis and strong emphasis
cm402	Emphasis and strong emphasis
cm403	Emphasis and strong emphasis
cm404	Emphasis and strong emphasis
cm405	Emphasis and strong emphasis
cm406	Emphasis and strong emphasis
cm407	Emphasis and strong emphasis
cm408	Emphasis and strong emphasis
cm409	Emphasis and strong emphasis
cm410	Emphasis and strong emphasis
cm411	Emphasis and strong emphasis
cm412	Emphasis and strong emphasis
cm413	Emphasis and strong emphasis
cm414	Emphasis and strong emphasis
cm415	Emphasis and strong emphasis
cm416	Emphasis and strong emphasis
cm417	Emphasis and strong emphasis
cm418	Emphasis and strong emphasis
cm419	Emphasis and strong emphasis
cm420	Emphasis and strong emphasis
cm421	Emphasis and strong emphasis
cm422	Emphasis and strong emphasis
cm423	Emphasis and strong emphasis
cm424	Emphasis and strong emphasis
cm425	Emphasis and strong emphasis
cm426	Emphasis and strong emphasis
cm427	Emphasis and strong emphasis
cm428	Emphasis and strong emphasis
cm429	Emphasis and strong emphasis
cm430	Emphasis and strong emphasis
cm431	Emphasis and strong emphasis
cm432	Emphasis and strong emphasis
cm433	Emphasis and strong emphasis
cm434	Emphasis and strong emphasis
cm435	Emphasis and strong emphasis
cm436	Emphasis and strong emphasis
cm437	Emphasis and strong emphasis
cm438	Emphasis and strong emphasis
cm439	Emphasis and strong emphasis
cm440	Emphasis and strong emphasis
cm441	Emphasis and strong emphasis
cm442	Emphasis and strong emphasis
cm443	Emphasis and strong emphasis
cm444	Emphasis and strong emphasis
cm445	Emphasis and strong emphasis
cm446	Emphasis and strong emphasis
cm447	Emphasis and strong emphasis
cm448	Emphasis and strong emphasis
cm449	Emphasis and strong emphasis
cm450	Emphasis and strong emphasis
cm451	Emphasis and strong emphasis
cm452	Emphasis and strong emphasis
cm453	Emphasis and strong emphasis
cm454	Emphasis and strong emphasis
cm455	Emphasis and strong emphasis
cm456	Emphasis and strong emphasis
cm457	Emphasis and strong emphasis
cm458	Emphasis and strong emphasis
cm459	Emphasis and strong emphasis
cm460	Emphasis and strong emphasis
cm461	Emphasis and strong emphasis
cm462	Emphasis and strong emphasis
cm463	Emphasis and strong emphasis
cm464	Emphasis and strong emphasis
cm465	Emphasis and strong emphasis
cm466	Emphasis and strong emphasis
cm467	Emphasis and strong emphasis
cm468	Emphasis and strong emphasis
cm469	Emphasis and strong emphasis
cm470	Emphasis and strong emphasis
cm471	Emphasis and strong emphasis
cm472	Emphasis and strong emphasis
cm473	Emphasis and strong emphasis
cm474	Emphasis and strong emphasis
cm475	Emphasis and strong emphasis
cm476	Emphasis and strong emphasis
cm477	Emphasis and strong emphasis
cm478	Emphasis and strong emphasis
cm479	Emphasis and strong emphasis
cm480	Emphasis and strong emphasis
cm481	Emphasis and strong emphasis
cm482	Links
cm483	Links
cm484	Links
cm485	Links
cm486	Links
cm487	Links
cm488	Links
cm489	Links
cm490	Links
cm491	Links
cm492	Links
cm493	Links
cm494	Links
cm495	Links
cm496	Links
cm497	Links
cm498	Links
cm499	Links
cm500	Links
cm501	Links
cm502	Links
cm503	Links
cm504	Links
cm505	Links
cm506	Links
cm507	Links
cm508	Links
cm509	Links
cm510	Links
cm511	Links
cm512	Links
cm513	Links
cm514	Links
cm515	Links
cm516	Links
cm517	Links
cm518	Links
cm519	Links
cm520	Links
cm521	Links
cm522	Links
cm523	Links
cm524	Links
cm525	Links
cm526	Links
cm527	Links
cm528	Links
cm529	Links
cm530	Links
cm531	Links
cm532	Links
cm533	Links
cm534	Links
cm535	Links
cm536	Links
cm537	Links
cm538	Links
cm539	Links
cm540	Links
cm541	Links
cm542	Links
cm543	Links
cm544	Links
cm545	Links
cm546	Links
cm547	Links
cm548	Links
cm549	Links
cm550	Links
cm551	Links
cm552	Links
cm553	Links
cm554	Links
cm555	Links
cm556	Links
cm557	Links
cm558	Links
cm559	Links
cm560	Links
cm561	Links
cm562	Links
cm563	Links
cm564	Links
cm565	Links
cm566	Links
cm567	Links
cm568	Links
cm569	Links
cm570	Links
cm571	Links
cm572	Images
cm573	Images
cm574	Images
cm575	Images
cm576	Images
cm577	Images
cm578	Images
cm579	Images
cm580	Images
cm581	Images
cm582	Images
cm583	Images
cm584	Images
cm585	Images
cm586	Images
cm587	Images
cm588	Images
cm589	Images
cm590	Images
cm591	Images
cm592	Images
cm593	Images
cm594	Autolinks
cm595	Autolinks
cm596	Autolinks
cm597	Autolinks
cm598	Autolinks
cm599	Autolinks
cm600	Autolinks
cm601	Autolinks
cm602	Autolinks
cm603	Autolinks
cm604	Autolinks
cm605	Autolinks
cm606	Autolinks
cm607	Autolinks
cm608	Autolinks
cm609	Autolinks
cm610	Autolinks
cm611	Autolinks
cm612	Autolinks
cm613	Raw HTML
cm614	Raw HTML
cm615	Raw HTML
cm616	Raw HTML
cm617	Raw HTML
cm618	Raw HTML
cm619	Raw HTML
cm620	Raw HTML
cm621	Raw HTML
cm622	Raw HTML
cm623	Raw HTML
cm624	Raw HTML
cm625	Raw HTML
cm626	Raw HTML
cm627	Raw HTML
cm628	Raw HTML
cm629	Raw HTML
cm630	Raw HTML
cm631	Raw HTML
cm632	Raw HTML
cm633	Hard line breaks
cm634	Hard line breaks
cm635	Hard line breaks
cm636	Hard line breaks
cm637	Hard line breaks
cm638	Hard line breaks
cm639	Hard line breaks
cm640	Hard line breaks
cm641	Hard line breaks
cm642	Hard line breaks
cm643	Hard line breaks
cm644	Hard line breaks
cm645	Hard line breaks
cm646	Hard line breaks
cm647	Hard line breaks
cm648	Soft line breaks
cm649	Soft line breaks
cm650	Textual content
cm651	Textual content
cm652	Textual content
